,C,Cm1,CAm1,H,CBm1,HA,N,CB,CA
C,0.656704357076659,0.13033175498813102,0.021225881458141766,-0.01932961397997958,-0.02395556068825936,-0.015828109778112154,-0.19115322893487025,-0.14468688662931656,0.12337212462065963
Cm1,0.13033175498813102,0.7365324013413874,0.04524110995737063,0.004881570293334283,-0.055276238646666226,-0.0178022300718551,0.011858817851156276,-0.0933648394123188,0.17391624811832668
CAm1,0.021225881458141766,0.04524110995737063,0.762596432738529,-0.00034855829250521954,0.022162237206223446,-0.0011404158912077366,-0.0469307017195328,-0.01809934914991277,0.027827718549267317
H,-0.01932961397997958,0.004881570293334283,-0.00034855829250521954,0.1190410611359854,0.0070465869471537605,0.005149472934117501,0.25506609466636204,0.010143372159399897,0.0016694469389005628
CBm1,-0.02395556068825936,-0.055276238646666226,0.022162237206223446,0.0070465869471537605,1.005543119160215,0.0025187996940141525,-0.02675117956246324,0.026624293929293146,-0.01521877937904124
HA,-0.015828109778112154,-0.0178022300718551,-0.0011404158912077366,0.005149472934117501,0.0025187996940141525,0.038916441909722745,0.0013714490380961366,0.03556760018024043,-0.056680222411509704
N,-0.19115322893487025,0.011858817851156276,-0.0469307017195328,0.25506609466636204,-0.02675117956246324,0.0013714490380961366,3.588093826906144,-0.008310160451476534,0.13949921970251
CB,-0.14468688662931656,-0.0933648394123188,-0.01809934914991277,0.010143372159399897,0.026624293929293146,0.03556760018024043,-0.008310160451476534,0.6555215988649564,-0.10175770244775544
CA,0.12337212462065963,0.17391624811832668,0.027827718549267317,0.0016694469389005628,-0.01521877937904124,-0.056680222411509704,0.13949921970251,-0.10175770244775544,0.6464072931275229
