,CAm1,Cm1,CB,CBm1,HA,H,C,CA,N
CAm1,0.7625964327385291,0.045241109957370844,-0.01809934914991278,0.022162237206223446,-0.0011404158912077427,-0.00034855829250522236,0.021225881458141825,0.027827718549267327,-0.04693070171953274
Cm1,0.045241109957370844,0.7365324013413875,-0.0933648394123186,-0.05527623864666623,-0.017802230071855107,0.004881570293334287,0.13033175498813107,0.17391624811832662,0.011858817851156382
CB,-0.01809934914991278,-0.0933648394123186,0.6555215988649564,0.026624293929293132,0.03556760018024046,0.0101433721593999,-0.14468688662931664,-0.10175770244775549,-0.008310160451476582
CBm1,0.022162237206223446,-0.05527623864666623,0.026624293929293132,1.005543119160215,0.0025187996940141525,0.007046586947153779,-0.023955560688259377,-0.015218779379041245,-0.02675117956246322
HA,-0.0011404158912077427,-0.017802230071855107,0.03556760018024046,0.0025187996940141525,0.03891644190972273,0.0051494729341175,-0.01582810977811214,-0.05668022241150969,0.0013714490380961387
H,-0.00034855829250522236,0.004881570293334287,0.0101433721593999,0.007046586947153779,0.0051494729341175,0.11904106113598543,-0.019329613979979638,0.00166944693890056,0.2550660946663621
C,0.021225881458141825,0.13033175498813107,-0.14468688662931664,-0.023955560688259377,-0.01582810977811214,-0.019329613979979638,0.6567043570766595,0.12337212462065968,-0.19115322893487052
CA,0.027827718549267327,0.17391624811832662,-0.10175770244775549,-0.015218779379041245,-0.05668022241150969,0.00166944693890056,0.12337212462065968,0.6464072931275227,0.13949921970251
N,-0.04693070171953274,0.011858817851156382,-0.008310160451476582,-0.02675117956246322,0.0013714490380961387,0.2550660946663621,-0.19115322893487052,0.13949921970251,3.5880938269061433
